bar,day,start,end
Absent Snow,Monday,12:00,23:45
Absent Snow,Tuesday,09:00,22:00
Absent Snow,Wednesday,12:00,22:15
Absent Snow,Thursday,12:00,23:00
Absent Snow,Friday,12:00,23:15
Absent Snow,Sunday,12:00,22:15
Absent Snow,Saturday,10:00,22:15
Admiral Benbow Inn,Monday,10:00,22:30
Admiral Benbow Inn,Tuesday,11:00,23:00
Admiral Benbow Inn,Wednesday,09:00,22:15
Admiral Benbow Inn,Thursday,08:00,22:15
Admiral Benbow Inn,Friday,12:00,22:15
Admiral Benbow Inn,Sunday,10:00,23:00
Admiral Benbow Inn,Saturday,09:00,22:00
Amused Lemon Parlor,Monday,12:00,23:45
Amused Lemon Parlor,Tuesday,08:00,23:15
Amused Lemon Parlor,Wednesday,08:00,22:15
Amused Lemon Parlor,Thursday,08:00,22:15
Amused Lemon Parlor,Friday,10:00,23:00
Amused Lemon Parlor,Sunday,09:00,23:30
Amused Lemon Parlor,Saturday,12:00,22:00
Anchor,Monday,08:00,22:00
Anchor,Tuesday,12:00,23:00
Anchor,Wednesday,11:00,22:45
Anchor,Thursday,10:00,22:30
Anchor,Friday,09:00,23:45
Anchor,Sunday,10:00,22:45
Anchor,Saturday,11:00,22:15
Armed Pudding Bar,Monday,11:00,23:15
Armed Pudding Bar,Tuesday,10:00,23:15
Armed Pudding Bar,Wednesday,08:00,22:45
Armed Pudding Bar,Thursday,10:00,23:45
Armed Pudding Bar,Friday,10:00,23:45
Armed Pudding Bar,Sunday,10:00,23:00
Armed Pudding Bar,Saturday,11:00,22:15
Assorted Dandelion Bar,Monday,09:00,22:45
Assorted Dandelion Bar,Tuesday,11:00,23:15
Assorted Dandelion Bar,Wednesday,08:00,22:45
Assorted Dandelion Bar,Thursday,11:00,23:15
Assorted Dandelion Bar,Friday,11:00,23:15
Assorted Dandelion Bar,Sunday,10:00,23:45
Assorted Dandelion Bar,Saturday,08:00,22:30
Atomic Liquors,Monday,10:00,23:00
Atomic Liquors,Tuesday,12:00,23:00
Atomic Liquors,Wednesday,09:00,22:45
Atomic Liquors,Thursday,09:00,22:15
Atomic Liquors,Friday,08:00,22:15
Atomic Liquors,Sunday,08:00,23:45
Atomic Liquors,Saturday,10:00,23:45
Awful Salmon Bar,Monday,12:00,22:15
Awful Salmon Bar,Tuesday,11:00,22:00
Awful Salmon Bar,Wednesday,11:00,23:00
Awful Salmon Bar,Thursday,10:00,23:15
Awful Salmon Bar,Friday,08:00,22:45
Awful Salmon Bar,Sunday,11:00,22:15
Awful Salmon Bar,Saturday,10:00,22:45
Best Stick Tavern,Monday,10:00,22:15
Best Stick Tavern,Tuesday,12:00,22:15
Best Stick Tavern,Wednesday,12:00,22:30
Best Stick Tavern,Thursday,11:00,22:00
Best Stick Tavern,Friday,09:00,22:45
Best Stick Tavern,Sunday,11:00,23:30
Best Stick Tavern,Saturday,08:00,22:15
Bloody Lady,Monday,11:00,23:30
Bloody Lady,Tuesday,11:00,22:45
Bloody Lady,Wednesday,08:00,22:30
Bloody Lady,Thursday,10:00,23:15
Bloody Lady,Friday,08:00,23:45
Bloody Lady,Sunday,09:00,22:15
Bloody Lady,Saturday,09:00,22:15
Blue City,Monday,09:00,23:15
Blue City,Tuesday,12:00,23:45
Blue City,Wednesday,10:00,22:15
Blue City,Thursday,10:00,22:45
Blue City,Friday,09:00,22:00
Blue City,Sunday,09:00,22:00
Blue City,Saturday,10:00,23:15
Brave Olive Pub,Monday,10:00,23:30
Brave Olive Pub,Tuesday,09:00,22:30
Brave Olive Pub,Wednesday,12:00,23:45
Brave Olive Pub,Thursday,10:00,23:00
Brave Olive Pub,Friday,11:00,23:00
Brave Olive Pub,Sunday,08:00,23:00
Brave Olive Pub,Saturday,11:00,22:00
Busy Bachelor Bar,Monday,09:00,22:15
Busy Bachelor Bar,Tuesday,09:00,23:00
Busy Bachelor Bar,Wednesday,12:00,22:45
Busy Bachelor Bar,Thursday,10:00,22:00
Busy Bachelor Bar,Friday,12:00,22:30
Busy Bachelor Bar,Sunday,10:00,22:30
Busy Bachelor Bar,Saturday,12:00,23:45
Cheap Vampire,Monday,09:00,23:45
Cheap Vampire,Tuesday,10:00,22:00
Cheap Vampire,Wednesday,12:00,22:45
Cheap Vampire,Thursday,11:00,23:15
Cheap Vampire,Friday,09:00,23:00
Cheap Vampire,Sunday,08:00,23:00
Cheap Vampire,Saturday,12:00,23:15
Chinese Oak,Monday,08:00,22:15
Chinese Oak,Tuesday,12:00,23:30
Chinese Oak,Wednesday,11:00,22:15
Chinese Oak,Thursday,12:00,23:30
Chinese Oak,Friday,09:00,23:45
Chinese Oak,Sunday,10:00,22:00
Chinese Oak,Saturday,08:00,22:15
Chubby Badger Pub,Monday,11:00,23:15
Chubby Badger Pub,Tuesday,11:00,22:30
Chubby Badger Pub,Wednesday,12:00,23:00
Chubby Badger Pub,Thursday,11:00,22:30
Chubby Badger Pub,Friday,10:00,23:15
Chubby Badger Pub,Sunday,08:00,22:30
Chubby Badger Pub,Saturday,11:00,22:30
Chunky Hawks Tavern,Monday,08:00,22:00
Chunky Hawks Tavern,Tuesday,11:00,22:30
Chunky Hawks Tavern,Wednesday,10:00,23:30
Chunky Hawks Tavern,Thursday,09:00,22:30
Chunky Hawks Tavern,Friday,08:00,22:15
Chunky Hawks Tavern,Sunday,12:00,23:15
Chunky Hawks Tavern,Saturday,08:00,23:00
Clean Bed Inn,Monday,12:00,22:30
Clean Bed Inn,Tuesday,08:00,22:00
Clean Bed Inn,Wednesday,11:00,23:45
Clean Bed Inn,Thursday,10:00,22:45
Clean Bed Inn,Friday,08:00,22:30
Clean Bed Inn,Sunday,09:00,22:30
Clean Bed Inn,Saturday,09:00,23:45
Clever Child,Monday,12:00,22:15
Clever Child,Tuesday,09:00,23:15
Clever Child,Wednesday,09:00,23:15
Clever Child,Thursday,09:00,23:30
Clever Child,Friday,10:00,22:30
Clever Child,Sunday,11:00,22:45
Clever Child,Saturday,09:00,22:15
Courageous Lyre Bar,Monday,08:00,22:45
Courageous Lyre Bar,Tuesday,11:00,22:00
Courageous Lyre Bar,Wednesday,09:00,22:45
Courageous Lyre Bar,Thursday,08:00,23:15
Courageous Lyre Bar,Friday,09:00,22:00
Courageous Lyre Bar,Sunday,11:00,22:30
Courageous Lyre Bar,Saturday,08:00,22:00
Courageous Melon,Monday,08:00,23:00
Courageous Melon,Tuesday,10:00,22:30
Courageous Melon,Wednesday,11:00,23:30
Courageous Melon,Thursday,10:00,23:15
Courageous Melon,Friday,09:00,22:45
Courageous Melon,Sunday,12:00,22:00
Courageous Melon,Saturday,08:00,23:00
Crooked Sailor Ale House,Monday,09:00,23:00
Crooked Sailor Ale House,Tuesday,10:00,23:45
Crooked Sailor Ale House,Wednesday,11:00,22:15
Crooked Sailor Ale House,Thursday,12:00,23:45
Crooked Sailor Ale House,Friday,12:00,23:45
Crooked Sailor Ale House,Sunday,12:00,22:45
Crooked Sailor Ale House,Saturday,08:00,23:15
Daily Barracuda Inn,Monday,11:00,22:30
Daily Barracuda Inn,Tuesday,10:00,23:45
Daily Barracuda Inn,Wednesday,10:00,23:15
Daily Barracuda Inn,Thursday,08:00,23:45
Daily Barracuda Inn,Friday,12:00,22:15
Daily Barracuda Inn,Sunday,12:00,22:30
Daily Barracuda Inn,Saturday,12:00,22:15
Dandy Cloud Bistro,Monday,09:00,22:30
Dandy Cloud Bistro,Tuesday,11:00,22:30
Dandy Cloud Bistro,Wednesday,10:00,23:30
Dandy Cloud Bistro,Thursday,09:00,22:30
Dandy Cloud Bistro,Friday,10:00,22:00
Dandy Cloud Bistro,Sunday,10:00,22:00
Dandy Cloud Bistro,Saturday,12:00,22:30
Deep Flute Bar,Monday,12:00,23:15
Deep Flute Bar,Tuesday,11:00,22:00
Deep Flute Bar,Wednesday,11:00,22:45
Deep Flute Bar,Thursday,12:00,23:45
Deep Flute Bar,Friday,10:00,23:45
Deep Flute Bar,Sunday,09:00,23:30
Deep Flute Bar,Saturday,08:00,22:30
Deep Glass Bar,Monday,08:00,22:00
Deep Glass Bar,Tuesday,10:00,23:15
Deep Glass Bar,Wednesday,08:00,22:30
Deep Glass Bar,Thursday,08:00,23:30
Deep Glass Bar,Friday,09:00,23:45
Deep Glass Bar,Sunday,11:00,22:15
Deep Glass Bar,Saturday,11:00,23:30
Deep Lantern,Monday,08:00,23:15
Deep Lantern,Tuesday,11:00,23:30
Deep Lantern,Wednesday,09:00,23:30
Deep Lantern,Thursday,11:00,22:30
Deep Lantern,Friday,11:00,23:00
Deep Lantern,Sunday,11:00,23:15
Deep Lantern,Saturday,11:00,23:30
Diamond Turtle Inn,Monday,12:00,23:30
Diamond Turtle Inn,Tuesday,11:00,22:00
Diamond Turtle Inn,Wednesday,11:00,23:15
Diamond Turtle Inn,Thursday,09:00,23:15
Diamond Turtle Inn,Friday,10:00,22:00
Diamond Turtle Inn,Sunday,11:00,23:45
Diamond Turtle Inn,Saturday,08:00,23:15
Different Kumquat Pub,Monday,12:00,22:45
Different Kumquat Pub,Tuesday,11:00,23:00
Different Kumquat Pub,Wednesday,11:00,22:00
Different Kumquat Pub,Thursday,11:00,23:45
Different Kumquat Pub,Friday,09:00,22:45
Different Kumquat Pub,Sunday,09:00,22:45
Different Kumquat Pub,Saturday,11:00,22:00
Discreet Elderberry Pub,Monday,09:00,22:00
Discreet Elderberry Pub,Tuesday,10:00,22:30
Discreet Elderberry Pub,Wednesday,11:00,23:45
Discreet Elderberry Pub,Thursday,12:00,23:45
Discreet Elderberry Pub,Friday,10:00,22:45
Discreet Elderberry Pub,Sunday,11:00,23:45
Discreet Elderberry Pub,Saturday,08:00,22:15
Dizzy Lemon Lounge,Monday,09:00,23:00
Dizzy Lemon Lounge,Tuesday,09:00,23:15
Dizzy Lemon Lounge,Wednesday,08:00,22:15
Dizzy Lemon Lounge,Thursday,09:00,23:45
Dizzy Lemon Lounge,Friday,10:00,22:45
Dizzy Lemon Lounge,Sunday,09:00,22:30
Dizzy Lemon Lounge,Saturday,11:00,23:45
Double Swan Tavern,Monday,09:00,23:30
Double Swan Tavern,Tuesday,11:00,23:00
Double Swan Tavern,Wednesday,10:00,23:30
Double Swan Tavern,Thursday,11:00,23:45
Double Swan Tavern,Friday,08:00,23:45
Double Swan Tavern,Sunday,12:00,22:00
Double Swan Tavern,Saturday,12:00,23:30
Drab Parrots Pub,Monday,10:00,23:00
Drab Parrots Pub,Tuesday,12:00,22:45
Drab Parrots Pub,Wednesday,10:00,23:15
Drab Parrots Pub,Thursday,10:00,23:00
Drab Parrots Pub,Friday,12:00,22:30
Drab Parrots Pub,Sunday,12:00,22:45
Drab Parrots Pub,Saturday,10:00,23:00
Dramatic Crabs,Monday,10:00,23:45
Dramatic Crabs,Tuesday,08:00,23:45
Dramatic Crabs,Wednesday,12:00,22:30
Dramatic Crabs,Thursday,11:00,22:15
Dramatic Crabs,Friday,12:00,23:15
Dramatic Crabs,Sunday,10:00,23:45
Dramatic Crabs,Saturday,10:00,22:15
Earthy Bird Pub,Monday,08:00,23:30
Earthy Bird Pub,Tuesday,10:00,23:15
Earthy Bird Pub,Wednesday,12:00,22:45
Earthy Bird Pub,Thursday,10:00,22:00
Earthy Bird Pub,Friday,09:00,23:15
Earthy Bird Pub,Sunday,11:00,23:15
Earthy Bird Pub,Saturday,11:00,23:45
Empty Snapdragon Pub,Monday,11:00,23:45
Empty Snapdragon Pub,Tuesday,10:00,22:00
Empty Snapdragon Pub,Wednesday,11:00,22:45
Empty Snapdragon Pub,Thursday,12:00,22:00
Empty Snapdragon Pub,Friday,10:00,22:15
Empty Snapdragon Pub,Sunday,10:00,22:30
Empty Snapdragon Pub,Saturday,08:00,22:30
Familiar Pony Tavern,Monday,10:00,22:15
Familiar Pony Tavern,Tuesday,11:00,23:00
Familiar Pony Tavern,Wednesday,08:00,23:00
Familiar Pony Tavern,Thursday,08:00,22:30
Familiar Pony Tavern,Friday,09:00,23:15
Familiar Pony Tavern,Sunday,09:00,22:30
Familiar Pony Tavern,Saturday,12:00,22:45
Famous Tiger Pub,Monday,11:00,23:30
Famous Tiger Pub,Tuesday,12:00,23:00
Famous Tiger Pub,Wednesday,08:00,22:15
Famous Tiger Pub,Thursday,09:00,23:45
Famous Tiger Pub,Friday,11:00,22:45
Famous Tiger Pub,Sunday,11:00,22:00
Famous Tiger Pub,Saturday,09:00,22:15
Fascinated Chick Pub,Monday,08:00,22:15
Fascinated Chick Pub,Tuesday,10:00,22:30
Fascinated Chick Pub,Wednesday,12:00,23:30
Fascinated Chick Pub,Thursday,10:00,23:45
Fascinated Chick Pub,Friday,12:00,23:45
Fascinated Chick Pub,Sunday,11:00,23:15
Fascinated Chick Pub,Saturday,10:00,22:30
Fascinated Demon Pub,Monday,11:00,23:45
Fascinated Demon Pub,Tuesday,10:00,22:15
Fascinated Demon Pub,Wednesday,08:00,23:15
Fascinated Demon Pub,Thursday,08:00,22:15
Fascinated Demon Pub,Friday,10:00,22:15
Fascinated Demon Pub,Sunday,11:00,23:00
Fascinated Demon Pub,Saturday,09:00,23:00
Fearless Drum Bar,Monday,08:00,22:45
Fearless Drum Bar,Tuesday,10:00,23:30
Fearless Drum Bar,Wednesday,10:00,23:00
Fearless Drum Bar,Thursday,12:00,22:15
Fearless Drum Bar,Friday,09:00,23:00
Fearless Drum Bar,Sunday,09:00,23:00
Fearless Drum Bar,Saturday,10:00,22:45
Fluffy Husband,Monday,08:00,22:30
Fluffy Husband,Tuesday,12:00,22:45
Fluffy Husband,Wednesday,10:00,22:15
Fluffy Husband,Thursday,08:00,23:45
Fluffy Husband,Friday,12:00,22:30
Fluffy Husband,Sunday,10:00,23:45
Fluffy Husband,Saturday,08:00,23:45
Foamy Cave,Monday,09:00,23:45
Foamy Cave,Tuesday,10:00,22:15
Foamy Cave,Wednesday,10:00,23:15
Foamy Cave,Thursday,08:00,23:45
Foamy Cave,Friday,11:00,23:15
Foamy Cave,Sunday,10:00,23:00
Foamy Cave,Saturday,12:00,23:15
Full Guitar,Monday,10:00,23:45
Full Guitar,Tuesday,09:00,23:15
Full Guitar,Wednesday,09:00,23:30
Full Guitar,Thursday,11:00,23:15
Full Guitar,Friday,09:00,22:30
Full Guitar,Sunday,11:00,23:30
Full Guitar,Saturday,08:00,22:45
Gifted Pillow Inn,Monday,08:00,23:30
Gifted Pillow Inn,Tuesday,08:00,22:00
Gifted Pillow Inn,Wednesday,12:00,23:00
Gifted Pillow Inn,Thursday,08:00,22:00
Gifted Pillow Inn,Friday,08:00,23:30
Gifted Pillow Inn,Sunday,08:00,23:30
Gifted Pillow Inn,Saturday,08:00,23:45
Gifted Zebra Tavern,Monday,10:00,22:30
Gifted Zebra Tavern,Tuesday,11:00,23:30
Gifted Zebra Tavern,Wednesday,11:00,23:45
Gifted Zebra Tavern,Thursday,12:00,23:30
Gifted Zebra Tavern,Friday,09:00,22:30
Gifted Zebra Tavern,Sunday,11:00,22:00
Gifted Zebra Tavern,Saturday,12:00,23:15
Gray City,Monday,10:00,23:15
Gray City,Tuesday,11:00,23:45
Gray City,Wednesday,09:00,22:15
Gray City,Thursday,12:00,23:45
Gray City,Friday,08:00,23:15
Gray City,Sunday,12:00,22:15
Gray City,Saturday,12:00,23:00
Gypsy Root Roadhouse,Monday,10:00,23:15
Gypsy Root Roadhouse,Tuesday,12:00,22:45
Gypsy Root Roadhouse,Wednesday,12:00,23:15
Gypsy Root Roadhouse,Thursday,12:00,22:45
Gypsy Root Roadhouse,Friday,08:00,22:15
Gypsy Root Roadhouse,Sunday,09:00,23:00
Gypsy Root Roadhouse,Saturday,12:00,23:15
Harsh Flame Tavern,Monday,08:00,22:15
Harsh Flame Tavern,Tuesday,08:00,22:15
Harsh Flame Tavern,Wednesday,08:00,22:15
Harsh Flame Tavern,Thursday,12:00,23:00
Harsh Flame Tavern,Friday,10:00,23:45
Harsh Flame Tavern,Sunday,10:00,23:00
Harsh Flame Tavern,Saturday,08:00,22:00
Hidden Lady Parlor,Monday,08:00,23:00
Hidden Lady Parlor,Tuesday,12:00,22:30
Hidden Lady Parlor,Wednesday,10:00,23:15
Hidden Lady Parlor,Thursday,08:00,22:15
Hidden Lady Parlor,Friday,11:00,22:15
Hidden Lady Parlor,Sunday,09:00,23:30
Hidden Lady Parlor,Saturday,12:00,22:00
Hidden Table Brewpub,Monday,08:00,22:45
Hidden Table Brewpub,Tuesday,11:00,23:30
Hidden Table Brewpub,Wednesday,10:00,22:30
Hidden Table Brewpub,Thursday,11:00,22:45
Hidden Table Brewpub,Friday,09:00,22:00
Hidden Table Brewpub,Sunday,08:00,22:00
Hidden Table Brewpub,Saturday,12:00,23:15
Hissing Ocean Bar,Monday,12:00,23:00
Hissing Ocean Bar,Tuesday,10:00,23:15
Hissing Ocean Bar,Wednesday,10:00,22:30
Hissing Ocean Bar,Thursday,08:00,23:15
Hissing Ocean Bar,Friday,08:00,23:15
Hissing Ocean Bar,Sunday,08:00,22:00
Hissing Ocean Bar,Saturday,08:00,22:45
Hoppy Apple Brewhouse,Monday,08:00,23:00
Hoppy Apple Brewhouse,Tuesday,08:00,22:45
Hoppy Apple Brewhouse,Wednesday,08:00,22:00
Hoppy Apple Brewhouse,Thursday,11:00,22:30
Hoppy Apple Brewhouse,Friday,09:00,22:15
Hoppy Apple Brewhouse,Sunday,11:00,23:15
Hoppy Apple Brewhouse,Saturday,09:00,22:15
Hot Cup Inn,Monday,09:00,22:00
Hot Cup Inn,Tuesday,11:00,23:45
Hot Cup Inn,Wednesday,12:00,23:15
Hot Cup Inn,Thursday,09:00,23:15
Hot Cup Inn,Friday,11:00,23:00
Hot Cup Inn,Sunday,11:00,22:00
Hot Cup Inn,Saturday,09:00,22:45
Hungry Skunks Bar,Monday,12:00,22:30
Hungry Skunks Bar,Tuesday,08:00,23:45
Hungry Skunks Bar,Wednesday,08:00,22:00
Hungry Skunks Bar,Thursday,10:00,23:15
Hungry Skunks Bar,Friday,09:00,23:00
Hungry Skunks Bar,Sunday,09:00,23:00
Hungry Skunks Bar,Saturday,10:00,22:00
Hungry Turtle Pub,Monday,10:00,23:30
Hungry Turtle Pub,Tuesday,10:00,22:45
Hungry Turtle Pub,Wednesday,08:00,23:15
Hungry Turtle Pub,Thursday,08:00,23:30
Hungry Turtle Pub,Friday,11:00,23:00
Hungry Turtle Pub,Sunday,11:00,23:30
Hungry Turtle Pub,Saturday,11:00,23:15
Hungry Vanilla Bean Tavern,Monday,09:00,22:30
Hungry Vanilla Bean Tavern,Tuesday,08:00,22:00
Hungry Vanilla Bean Tavern,Wednesday,12:00,23:15
Hungry Vanilla Bean Tavern,Thursday,09:00,22:45
Hungry Vanilla Bean Tavern,Friday,11:00,23:30
Hungry Vanilla Bean Tavern,Sunday,08:00,22:15
Hungry Vanilla Bean Tavern,Saturday,12:00,23:45
Hypnotic Gate Tavern,Monday,10:00,23:15
Hypnotic Gate Tavern,Tuesday,12:00,22:15
Hypnotic Gate Tavern,Wednesday,11:00,23:45
Hypnotic Gate Tavern,Thursday,12:00,23:30
Hypnotic Gate Tavern,Friday,08:00,23:30
Hypnotic Gate Tavern,Sunday,09:00,23:45
Hypnotic Gate Tavern,Saturday,12:00,23:15
Icky Elephants Tavern,Monday,11:00,23:45
Icky Elephants Tavern,Tuesday,09:00,23:30
Icky Elephants Tavern,Wednesday,09:00,22:00
Icky Elephants Tavern,Thursday,08:00,22:00
Icky Elephants Tavern,Friday,12:00,23:15
Icky Elephants Tavern,Sunday,11:00,23:30
Icky Elephants Tavern,Saturday,11:00,22:15
Impossible Fire,Monday,08:00,23:45
Impossible Fire,Tuesday,11:00,22:30
Impossible Fire,Wednesday,08:00,22:15
Impossible Fire,Thursday,11:00,22:15
Impossible Fire,Friday,09:00,23:30
Impossible Fire,Sunday,12:00,22:15
Impossible Fire,Saturday,12:00,22:45
Incredible Sailboat Pub,Monday,10:00,23:00
Incredible Sailboat Pub,Tuesday,08:00,22:15
Incredible Sailboat Pub,Wednesday,09:00,23:45
Incredible Sailboat Pub,Thursday,10:00,22:30
Incredible Sailboat Pub,Friday,09:00,23:30
Incredible Sailboat Pub,Sunday,09:00,23:00
Incredible Sailboat Pub,Saturday,09:00,22:15
Interesting Trumpet Inn,Monday,10:00,22:15
Interesting Trumpet Inn,Tuesday,11:00,23:15
Interesting Trumpet Inn,Wednesday,11:00,22:30
Interesting Trumpet Inn,Thursday,12:00,22:30
Interesting Trumpet Inn,Friday,11:00,23:15
Interesting Trumpet Inn,Sunday,12:00,22:15
Interesting Trumpet Inn,Saturday,09:00,22:30
Iron Library Tavern,Monday,10:00,23:15
Iron Library Tavern,Tuesday,08:00,22:15
Iron Library Tavern,Wednesday,09:00,22:00
Iron Library Tavern,Thursday,12:00,22:45
Iron Library Tavern,Friday,08:00,23:15
Iron Library Tavern,Sunday,08:00,22:45
Iron Library Tavern,Saturday,12:00,23:00
Iron Tigress Inn,Monday,10:00,23:45
Iron Tigress Inn,Tuesday,11:00,22:30
Iron Tigress Inn,Wednesday,10:00,22:00
Iron Tigress Inn,Thursday,11:00,22:30
Iron Tigress Inn,Friday,11:00,22:15
Iron Tigress Inn,Sunday,08:00,22:45
Iron Tigress Inn,Saturday,11:00,22:15
Iron Turkey,Monday,09:00,22:45
Iron Turkey,Tuesday,12:00,23:15
Iron Turkey,Wednesday,11:00,22:45
Iron Turkey,Thursday,11:00,23:45
Iron Turkey,Friday,08:00,23:15
Iron Turkey,Sunday,11:00,22:30
Iron Turkey,Saturday,09:00,23:30
Itchy Cheetah Bar,Monday,11:00,22:15
Itchy Cheetah Bar,Tuesday,09:00,22:30
Itchy Cheetah Bar,Wednesday,12:00,23:45
Itchy Cheetah Bar,Thursday,11:00,22:00
Itchy Cheetah Bar,Friday,12:00,23:15
Itchy Cheetah Bar,Sunday,12:00,23:30
Itchy Cheetah Bar,Saturday,09:00,23:00
Ivory Lamb Pub,Monday,08:00,22:30
Ivory Lamb Pub,Tuesday,11:00,22:15
Ivory Lamb Pub,Wednesday,10:00,22:00
Ivory Lamb Pub,Thursday,08:00,22:00
Ivory Lamb Pub,Friday,12:00,22:30
Ivory Lamb Pub,Sunday,08:00,22:00
Ivory Lamb Pub,Saturday,11:00,23:15
Jaded Pants Pub,Monday,08:00,23:30
Jaded Pants Pub,Tuesday,10:00,22:00
Jaded Pants Pub,Wednesday,12:00,22:15
Jaded Pants Pub,Thursday,12:00,22:15
Jaded Pants Pub,Friday,10:00,23:15
Jaded Pants Pub,Sunday,12:00,22:45
Jaded Pants Pub,Saturday,11:00,23:45
Jealous Fiddle Pub,Monday,10:00,23:15
Jealous Fiddle Pub,Tuesday,09:00,22:15
Jealous Fiddle Pub,Wednesday,12:00,22:45
Jealous Fiddle Pub,Thursday,09:00,23:45
Jealous Fiddle Pub,Friday,10:00,23:15
Jealous Fiddle Pub,Sunday,10:00,22:30
Jealous Fiddle Pub,Saturday,09:00,23:15
Keen Snail Bar,Monday,12:00,22:15
Keen Snail Bar,Tuesday,11:00,22:00
Keen Snail Bar,Wednesday,08:00,22:45
Keen Snail Bar,Thursday,08:00,23:15
Keen Snail Bar,Friday,11:00,22:00
Keen Snail Bar,Sunday,08:00,23:30
Keen Snail Bar,Saturday,09:00,23:15
Latino Magpie,Monday,08:00,23:15
Latino Magpie,Tuesday,11:00,22:15
Latino Magpie,Wednesday,12:00,22:45
Latino Magpie,Thursday,08:00,23:00
Latino Magpie,Friday,10:00,23:15
Latino Magpie,Sunday,12:00,23:00
Latino Magpie,Saturday,11:00,23:45
Laughing Elephant Tavern,Monday,10:00,22:30
Laughing Elephant Tavern,Tuesday,11:00,23:00
Laughing Elephant Tavern,Wednesday,11:00,22:30
Laughing Elephant Tavern,Thursday,12:00,23:30
Laughing Elephant Tavern,Friday,08:00,22:30
Laughing Elephant Tavern,Sunday,08:00,22:30
Laughing Elephant Tavern,Saturday,08:00,22:15
Little Elixir Club,Monday,08:00,22:00
Little Elixir Club,Tuesday,10:00,23:45
Little Elixir Club,Wednesday,08:00,23:30
Little Elixir Club,Thursday,12:00,23:45
Little Elixir Club,Friday,09:00,22:15
Little Elixir Club,Sunday,12:00,22:00
Little Elixir Club,Saturday,12:00,23:45
Lively Elf,Monday,12:00,23:45
Lively Elf,Tuesday,10:00,22:00
Lively Elf,Wednesday,09:00,23:30
Lively Elf,Thursday,09:00,23:15
Lively Elf,Friday,09:00,23:00
Lively Elf,Sunday,09:00,22:00
Lively Elf,Saturday,11:00,22:15
Lonely Snowdrop,Monday,11:00,22:30
Lonely Snowdrop,Tuesday,09:00,22:00
Lonely Snowdrop,Wednesday,12:00,22:45
Lonely Snowdrop,Thursday,11:00,23:15
Lonely Snowdrop,Friday,09:00,22:45
Lonely Snowdrop,Sunday,10:00,23:00
Lonely Snowdrop,Saturday,10:00,23:00
Loud Elderberry Bar,Monday,09:00,23:15
Loud Elderberry Bar,Tuesday,10:00,23:45
Loud Elderberry Bar,Wednesday,12:00,22:45
Loud Elderberry Bar,Thursday,12:00,23:15
Loud Elderberry Bar,Friday,10:00,22:45
Loud Elderberry Bar,Sunday,08:00,23:00
Loud Elderberry Bar,Saturday,11:00,22:15
Lying Explorer Tavern,Monday,10:00,23:00
Lying Explorer Tavern,Tuesday,10:00,22:15
Lying Explorer Tavern,Wednesday,10:00,23:30
Lying Explorer Tavern,Thursday,09:00,22:00
Lying Explorer Tavern,Friday,08:00,22:30
Lying Explorer Tavern,Sunday,10:00,22:00
Lying Explorer Tavern,Saturday,10:00,22:45
Magnificent Dark Elf Bar,Monday,08:00,22:00
Magnificent Dark Elf Bar,Tuesday,12:00,22:15
Magnificent Dark Elf Bar,Wednesday,08:00,22:00
Magnificent Dark Elf Bar,Thursday,09:00,22:15
Magnificent Dark Elf Bar,Friday,10:00,22:00
Magnificent Dark Elf Bar,Sunday,12:00,23:15
Magnificent Dark Elf Bar,Saturday,08:00,22:45
Middle Cushion Bar,Monday,08:00,23:00
Middle Cushion Bar,Tuesday,11:00,23:45
Middle Cushion Bar,Wednesday,12:00,23:15
Middle Cushion Bar,Thursday,08:00,22:00
Middle Cushion Bar,Friday,12:00,22:45
Middle Cushion Bar,Sunday,08:00,23:30
Middle Cushion Bar,Saturday,09:00,23:45
Mixing Demon Pub,Monday,11:00,22:15
Mixing Demon Pub,Tuesday,12:00,23:00
Mixing Demon Pub,Wednesday,12:00,23:15
Mixing Demon Pub,Thursday,12:00,22:15
Mixing Demon Pub,Friday,08:00,23:15
Mixing Demon Pub,Sunday,12:00,23:45
Mixing Demon Pub,Saturday,09:00,22:30
Molten Ants Bar,Monday,10:00,22:30
Molten Ants Bar,Tuesday,12:00,23:00
Molten Ants Bar,Wednesday,12:00,22:00
Molten Ants Bar,Thursday,10:00,23:30
Molten Ants Bar,Friday,09:00,22:15
Molten Ants Bar,Sunday,12:00,22:15
Molten Ants Bar,Saturday,11:00,22:45
Natural Leopard,Monday,09:00,22:00
Natural Leopard,Tuesday,10:00,22:15
Natural Leopard,Wednesday,08:00,22:15
Natural Leopard,Thursday,09:00,22:00
Natural Leopard,Friday,09:00,23:30
Natural Leopard,Sunday,12:00,22:15
Natural Leopard,Saturday,12:00,22:15
Natural Squash Tavern,Monday,12:00,22:30
Natural Squash Tavern,Tuesday,09:00,23:30
Natural Squash Tavern,Wednesday,08:00,22:30
Natural Squash Tavern,Thursday,08:00,23:30
Natural Squash Tavern,Friday,09:00,23:15
Natural Squash Tavern,Sunday,08:00,22:30
Natural Squash Tavern,Saturday,08:00,23:45
Naughty Bean Inn,Monday,09:00,23:00
Naughty Bean Inn,Tuesday,09:00,23:00
Naughty Bean Inn,Wednesday,09:00,22:45
Naughty Bean Inn,Thursday,11:00,22:15
Naughty Bean Inn,Friday,08:00,22:30
Naughty Bean Inn,Sunday,09:00,23:30
Naughty Bean Inn,Saturday,10:00,22:00
Needy Mind Tavern,Monday,12:00,23:30
Needy Mind Tavern,Tuesday,11:00,23:00
Needy Mind Tavern,Wednesday,12:00,22:15
Needy Mind Tavern,Thursday,08:00,22:00
Needy Mind Tavern,Friday,10:00,23:15
Needy Mind Tavern,Sunday,12:00,22:15
Needy Mind Tavern,Saturday,10:00,22:45
Nervous Jaguar Inn,Monday,10:00,22:30
Nervous Jaguar Inn,Tuesday,09:00,23:00
Nervous Jaguar Inn,Wednesday,09:00,23:00
Nervous Jaguar Inn,Thursday,11:00,23:00
Nervous Jaguar Inn,Friday,12:00,22:15
Nervous Jaguar Inn,Sunday,11:00,23:00
Nervous Jaguar Inn,Saturday,08:00,23:45
Nervous Mountain Inn,Monday,11:00,23:00
Nervous Mountain Inn,Tuesday,08:00,23:30
Nervous Mountain Inn,Wednesday,11:00,23:15
Nervous Mountain Inn,Thursday,08:00,22:00
Nervous Mountain Inn,Friday,10:00,22:15
Nervous Mountain Inn,Sunday,12:00,22:45
Nervous Mountain Inn,Saturday,09:00,23:45
New Spider Bar,Monday,08:00,22:30
New Spider Bar,Tuesday,12:00,23:15
New Spider Bar,Wednesday,10:00,22:30
New Spider Bar,Thursday,11:00,23:45
New Spider Bar,Friday,10:00,22:00
New Spider Bar,Sunday,09:00,22:15
New Spider Bar,Saturday,12:00,23:15
Nifty Branch Inn,Monday,08:00,23:00
Nifty Branch Inn,Tuesday,12:00,22:30
Nifty Branch Inn,Wednesday,10:00,22:00
Nifty Branch Inn,Thursday,08:00,22:45
Nifty Branch Inn,Friday,10:00,22:45
Nifty Branch Inn,Sunday,11:00,23:00
Nifty Branch Inn,Saturday,10:00,23:45
Nimble Squash,Monday,08:00,23:15
Nimble Squash,Tuesday,10:00,22:30
Nimble Squash,Wednesday,10:00,23:30
Nimble Squash,Thursday,09:00,22:15
Nimble Squash,Friday,10:00,22:30
Nimble Squash,Sunday,12:00,23:30
Nimble Squash,Saturday,10:00,22:30
Nimble Stream Pub,Monday,08:00,23:15
Nimble Stream Pub,Tuesday,12:00,22:45
Nimble Stream Pub,Wednesday,09:00,23:45
Nimble Stream Pub,Thursday,09:00,23:45
Nimble Stream Pub,Friday,11:00,23:00
Nimble Stream Pub,Sunday,09:00,22:30
Nimble Stream Pub,Saturday,12:00,23:00
Oceanic Knight Inn,Monday,09:00,22:45
Oceanic Knight Inn,Tuesday,08:00,23:00
Oceanic Knight Inn,Wednesday,11:00,22:45
Oceanic Knight Inn,Thursday,08:00,22:00
Oceanic Knight Inn,Friday,11:00,22:30
Oceanic Knight Inn,Sunday,12:00,22:15
Oceanic Knight Inn,Saturday,08:00,22:45
Oceanic Woodpecker Inn,Monday,09:00,23:30
Oceanic Woodpecker Inn,Tuesday,11:00,22:15
Oceanic Woodpecker Inn,Wednesday,10:00,23:15
Oceanic Woodpecker Inn,Thursday,10:00,23:30
Oceanic Woodpecker Inn,Friday,08:00,23:15
Oceanic Woodpecker Inn,Sunday,08:00,23:15
Oceanic Woodpecker Inn,Saturday,12:00,22:00
Organic Buffalo Bar,Monday,11:00,23:15
Organic Buffalo Bar,Tuesday,12:00,23:45
Organic Buffalo Bar,Wednesday,09:00,22:15
Organic Buffalo Bar,Thursday,08:00,22:45
Organic Buffalo Bar,Friday,08:00,23:00
Organic Buffalo Bar,Sunday,12:00,22:15
Organic Buffalo Bar,Saturday,10:00,23:30
Original Acorn Roadhouse,Monday,11:00,22:00
Original Acorn Roadhouse,Tuesday,12:00,23:00
Original Acorn Roadhouse,Wednesday,08:00,22:30
Original Acorn Roadhouse,Thursday,12:00,22:15
Original Acorn Roadhouse,Friday,12:00,22:45
Original Acorn Roadhouse,Sunday,09:00,23:45
Original Acorn Roadhouse,Saturday,10:00,23:30
Original Horse Brewpub,Monday,12:00,22:15
Original Horse Brewpub,Tuesday,11:00,23:45
Original Horse Brewpub,Wednesday,12:00,23:30
Original Horse Brewpub,Thursday,09:00,22:30
Original Horse Brewpub,Friday,10:00,22:30
Original Horse Brewpub,Sunday,10:00,22:00
Original Horse Brewpub,Saturday,08:00,22:30
Outrageous Sailboat Inn,Monday,08:00,22:45
Outrageous Sailboat Inn,Tuesday,11:00,22:30
Outrageous Sailboat Inn,Wednesday,12:00,22:15
Outrageous Sailboat Inn,Thursday,09:00,22:30
Outrageous Sailboat Inn,Friday,12:00,22:00
Outrageous Sailboat Inn,Sunday,09:00,22:30
Outrageous Sailboat Inn,Saturday,12:00,22:15
Overrated Pigeons Pub,Monday,12:00,23:15
Overrated Pigeons Pub,Tuesday,11:00,22:30
Overrated Pigeons Pub,Wednesday,11:00,22:15
Overrated Pigeons Pub,Thursday,10:00,23:00
Overrated Pigeons Pub,Friday,09:00,22:45
Overrated Pigeons Pub,Sunday,11:00,22:30
Overrated Pigeons Pub,Saturday,09:00,22:15
Parallel Pegasus Bar,Monday,10:00,23:30
Parallel Pegasus Bar,Tuesday,08:00,22:15
Parallel Pegasus Bar,Wednesday,10:00,23:30
Parallel Pegasus Bar,Thursday,08:00,22:00
Parallel Pegasus Bar,Friday,08:00,22:15
Parallel Pegasus Bar,Sunday,12:00,22:15
Parallel Pegasus Bar,Saturday,12:00,23:45
Peaceful Bison,Monday,11:00,22:45
Peaceful Bison,Tuesday,11:00,22:00
Peaceful Bison,Wednesday,09:00,23:30
Peaceful Bison,Thursday,08:00,23:15
Peaceful Bison,Friday,08:00,23:45
Peaceful Bison,Sunday,12:00,23:15
Peaceful Bison,Saturday,11:00,23:00
Perfect Rabbit Tavern,Monday,08:00,22:30
Perfect Rabbit Tavern,Tuesday,09:00,23:45
Perfect Rabbit Tavern,Wednesday,12:00,23:15
Perfect Rabbit Tavern,Thursday,10:00,23:00
Perfect Rabbit Tavern,Friday,09:00,22:15
Perfect Rabbit Tavern,Sunday,09:00,23:15
Perfect Rabbit Tavern,Saturday,10:00,23:45
Pleasant Parrot Tavern,Monday,08:00,22:45
Pleasant Parrot Tavern,Tuesday,09:00,23:15
Pleasant Parrot Tavern,Wednesday,10:00,22:00
Pleasant Parrot Tavern,Thursday,08:00,23:45
Pleasant Parrot Tavern,Friday,08:00,22:00
Pleasant Parrot Tavern,Sunday,10:00,22:15
Pleasant Parrot Tavern,Saturday,09:00,22:45
Poor Bats Inn,Monday,09:00,23:45
Poor Bats Inn,Tuesday,10:00,23:00
Poor Bats Inn,Wednesday,08:00,23:15
Poor Bats Inn,Thursday,10:00,22:15
Poor Bats Inn,Friday,08:00,23:30
Poor Bats Inn,Sunday,10:00,22:30
Poor Bats Inn,Saturday,08:00,22:45
Proud Spiders,Monday,09:00,22:45
Proud Spiders,Tuesday,11:00,22:15
Proud Spiders,Wednesday,11:00,23:30
Proud Spiders,Thursday,10:00,22:15
Proud Spiders,Friday,11:00,23:30
Proud Spiders,Sunday,12:00,22:15
Proud Spiders,Saturday,10:00,22:15
Psychotic Seadog,Monday,09:00,23:45
Psychotic Seadog,Tuesday,08:00,22:45
Psychotic Seadog,Wednesday,09:00,22:15
Psychotic Seadog,Thursday,09:00,22:15
Psychotic Seadog,Friday,12:00,23:15
Psychotic Seadog,Sunday,09:00,23:30
Psychotic Seadog,Saturday,08:00,23:30
Purple Pint Bar and Grille,Monday,11:00,22:30
Purple Pint Bar and Grille,Tuesday,09:00,23:45
Purple Pint Bar and Grille,Wednesday,09:00,23:45
Purple Pint Bar and Grille,Thursday,09:00,23:30
Purple Pint Bar and Grille,Friday,08:00,22:30
Purple Pint Bar and Grille,Sunday,09:00,23:30
Purple Pint Bar and Grille,Saturday,08:00,23:15
Quickest Doves,Monday,11:00,22:30
Quickest Doves,Tuesday,09:00,22:00
Quickest Doves,Wednesday,10:00,22:30
Quickest Doves,Thursday,10:00,22:30
Quickest Doves,Friday,08:00,23:45
Quickest Doves,Sunday,12:00,22:30
Quickest Doves,Saturday,10:00,22:00
Rainy Lime Tavern,Monday,08:00,23:30
Rainy Lime Tavern,Tuesday,12:00,23:00
Rainy Lime Tavern,Wednesday,12:00,22:45
Rainy Lime Tavern,Thursday,08:00,23:15
Rainy Lime Tavern,Friday,11:00,23:45
Rainy Lime Tavern,Sunday,11:00,22:15
Rainy Lime Tavern,Saturday,09:00,22:00
Real Shark Inn,Monday,12:00,23:00
Real Shark Inn,Tuesday,08:00,22:15
Real Shark Inn,Wednesday,11:00,22:15
Real Shark Inn,Thursday,11:00,23:45
Real Shark Inn,Friday,10:00,22:30
Real Shark Inn,Sunday,09:00,23:00
Real Shark Inn,Saturday,11:00,22:45
Regular Drum Tavern,Monday,08:00,23:45
Regular Drum Tavern,Tuesday,10:00,23:30
Regular Drum Tavern,Wednesday,10:00,22:15
Regular Drum Tavern,Thursday,12:00,23:45
Regular Drum Tavern,Friday,09:00,22:30
Regular Drum Tavern,Sunday,08:00,23:00
Regular Drum Tavern,Saturday,08:00,23:15
Responsible Chair,Monday,08:00,23:30
Responsible Chair,Tuesday,09:00,22:30
Responsible Chair,Wednesday,08:00,23:15
Responsible Chair,Thursday,11:00,23:15
Responsible Chair,Friday,09:00,22:30
Responsible Chair,Sunday,08:00,22:45
Responsible Chair,Saturday,08:00,23:15
Rich Tauren Bar,Monday,08:00,23:45
Rich Tauren Bar,Tuesday,10:00,22:45
Rich Tauren Bar,Wednesday,12:00,23:45
Rich Tauren Bar,Thursday,10:00,22:45
Rich Tauren Bar,Friday,08:00,22:45
Rich Tauren Bar,Sunday,08:00,22:15
Rich Tauren Bar,Saturday,12:00,23:00
Russian Otter Pub,Monday,10:00,23:30
Russian Otter Pub,Tuesday,12:00,22:30
Russian Otter Pub,Wednesday,10:00,22:00
Russian Otter Pub,Thursday,12:00,22:00
Russian Otter Pub,Friday,10:00,23:00
Russian Otter Pub,Sunday,10:00,22:00
Russian Otter Pub,Saturday,12:00,22:45
Rusty Sailor Outpost,Monday,12:00,22:15
Rusty Sailor Outpost,Tuesday,11:00,23:15
Rusty Sailor Outpost,Wednesday,10:00,22:30
Rusty Sailor Outpost,Thursday,09:00,23:00
Rusty Sailor Outpost,Friday,09:00,22:00
Rusty Sailor Outpost,Sunday,12:00,23:45
Rusty Sailor Outpost,Saturday,09:00,22:30
Ruthless Chestnut,Monday,10:00,23:45
Ruthless Chestnut,Tuesday,12:00,23:30
Ruthless Chestnut,Wednesday,08:00,22:15
Ruthless Chestnut,Thursday,11:00,23:15
Ruthless Chestnut,Friday,11:00,22:30
Ruthless Chestnut,Sunday,09:00,23:45
Ruthless Chestnut,Saturday,10:00,23:30
Safe Palm Inn,Monday,11:00,22:15
Safe Palm Inn,Tuesday,12:00,22:30
Safe Palm Inn,Wednesday,09:00,22:45
Safe Palm Inn,Thursday,12:00,22:00
Safe Palm Inn,Friday,11:00,23:30
Safe Palm Inn,Sunday,08:00,23:15
Safe Palm Inn,Saturday,12:00,23:15
Scared Crossbow Tavern,Monday,09:00,22:45
Scared Crossbow Tavern,Tuesday,09:00,23:30
Scared Crossbow Tavern,Wednesday,11:00,23:00
Scared Crossbow Tavern,Thursday,09:00,23:45
Scared Crossbow Tavern,Friday,11:00,23:00
Scared Crossbow Tavern,Sunday,11:00,23:30
Scared Crossbow Tavern,Saturday,08:00,22:00
Scary Kiwi,Monday,12:00,23:15
Scary Kiwi,Tuesday,09:00,22:00
Scary Kiwi,Wednesday,12:00,23:30
Scary Kiwi,Thursday,12:00,23:30
Scary Kiwi,Friday,09:00,23:30
Scary Kiwi,Sunday,09:00,23:30
Scary Kiwi,Saturday,10:00,23:45
Shattered Oak,Monday,08:00,23:00
Shattered Oak,Tuesday,11:00,23:00
Shattered Oak,Wednesday,11:00,23:30
Shattered Oak,Thursday,09:00,22:45
Shattered Oak,Friday,10:00,22:30
Shattered Oak,Sunday,09:00,22:30
Shattered Oak,Saturday,10:00,22:00
Shouting Snake Inn,Monday,08:00,23:15
Shouting Snake Inn,Tuesday,09:00,22:30
Shouting Snake Inn,Wednesday,12:00,22:30
Shouting Snake Inn,Thursday,12:00,23:45
Shouting Snake Inn,Friday,12:00,22:00
Shouting Snake Inn,Sunday,10:00,22:15
Shouting Snake Inn,Saturday,12:00,22:15
Skinny Guitar,Monday,09:00,23:15
Skinny Guitar,Tuesday,09:00,22:00
Skinny Guitar,Wednesday,11:00,23:15
Skinny Guitar,Thursday,08:00,22:30
Skinny Guitar,Friday,08:00,23:30
Skinny Guitar,Sunday,09:00,22:45
Skinny Guitar,Saturday,11:00,23:30
Smelly Crane Tavern,Monday,10:00,23:45
Smelly Crane Tavern,Tuesday,08:00,22:45
Smelly Crane Tavern,Wednesday,09:00,23:15
Smelly Crane Tavern,Thursday,11:00,23:30
Smelly Crane Tavern,Friday,10:00,22:45
Smelly Crane Tavern,Sunday,12:00,23:45
Smelly Crane Tavern,Saturday,12:00,23:15
Snobbish Jackal Inn,Monday,10:00,23:45
Snobbish Jackal Inn,Tuesday,11:00,23:30
Snobbish Jackal Inn,Wednesday,10:00,23:15
Snobbish Jackal Inn,Thursday,08:00,23:30
Snobbish Jackal Inn,Friday,11:00,23:30
Snobbish Jackal Inn,Sunday,12:00,23:30
Snobbish Jackal Inn,Saturday,08:00,22:30
Sore Head,Monday,08:00,23:45
Sore Head,Tuesday,10:00,22:15
Sore Head,Wednesday,12:00,23:00
Sore Head,Thursday,11:00,22:00
Sore Head,Friday,10:00,23:15
Sore Head,Sunday,09:00,23:30
Sore Head,Saturday,12:00,22:30
Sour Axe Bar,Monday,09:00,22:00
Sour Axe Bar,Tuesday,11:00,23:45
Sour Axe Bar,Wednesday,08:00,23:15
Sour Axe Bar,Thursday,09:00,22:45
Sour Axe Bar,Friday,10:00,23:45
Sour Axe Bar,Sunday,09:00,23:45
Sour Axe Bar,Saturday,10:00,22:30
Spicy Cats Tavern,Monday,08:00,23:30
Spicy Cats Tavern,Tuesday,12:00,23:45
Spicy Cats Tavern,Wednesday,09:00,23:30
Spicy Cats Tavern,Thursday,12:00,23:00
Spicy Cats Tavern,Friday,08:00,23:15
Spicy Cats Tavern,Sunday,08:00,23:45
Spicy Cats Tavern,Saturday,10:00,23:30
Spinning Nomad Ale House,Monday,08:00,22:30
Spinning Nomad Ale House,Tuesday,10:00,23:00
Spinning Nomad Ale House,Wednesday,12:00,23:30
Spinning Nomad Ale House,Thursday,10:00,22:00
Spinning Nomad Ale House,Friday,08:00,22:30
Spinning Nomad Ale House,Sunday,11:00,22:30
Spinning Nomad Ale House,Saturday,10:00,22:00
Spirited Brew Saloon,Monday,10:00,23:45
Spirited Brew Saloon,Tuesday,08:00,22:15
Spirited Brew Saloon,Wednesday,08:00,22:00
Spirited Brew Saloon,Thursday,12:00,22:15
Spirited Brew Saloon,Friday,08:00,23:15
Spirited Brew Saloon,Sunday,08:00,22:15
Spirited Brew Saloon,Saturday,08:00,22:30
Steel Elf,Monday,11:00,22:15
Steel Elf,Tuesday,08:00,23:00
Steel Elf,Wednesday,08:00,23:30
Steel Elf,Thursday,09:00,22:30
Steel Elf,Friday,09:00,23:00
Steel Elf,Sunday,08:00,22:30
Steel Elf,Saturday,11:00,23:00
Steel Yew,Monday,09:00,23:45
Steel Yew,Tuesday,11:00,23:30
Steel Yew,Wednesday,09:00,23:00
Steel Yew,Thursday,11:00,22:15
Steel Yew,Friday,11:00,23:15
Steel Yew,Sunday,11:00,22:15
Steel Yew,Saturday,12:00,22:00
Sudden Dragon Bar,Monday,11:00,23:30
Sudden Dragon Bar,Tuesday,09:00,23:30
Sudden Dragon Bar,Wednesday,12:00,23:30
Sudden Dragon Bar,Thursday,11:00,22:30
Sudden Dragon Bar,Friday,09:00,23:00
Sudden Dragon Bar,Sunday,12:00,22:00
Sudden Dragon Bar,Saturday,12:00,22:00
Sudden Octopus,Monday,10:00,22:15
Sudden Octopus,Tuesday,09:00,23:45
Sudden Octopus,Wednesday,09:00,23:30
Sudden Octopus,Thursday,11:00,23:00
Sudden Octopus,Friday,11:00,22:00
Sudden Octopus,Sunday,08:00,22:15
Sudden Octopus,Saturday,08:00,22:45
Sweet And Sour Castle Bar,Monday,12:00,22:15
Sweet And Sour Castle Bar,Tuesday,08:00,23:00
Sweet And Sour Castle Bar,Wednesday,12:00,23:00
Sweet And Sour Castle Bar,Thursday,08:00,23:45
Sweet And Sour Castle Bar,Friday,09:00,22:30
Sweet And Sour Castle Bar,Sunday,10:00,23:45
Sweet And Sour Castle Bar,Saturday,08:00,23:00
Swift Angels Pub,Monday,10:00,23:45
Swift Angels Pub,Tuesday,11:00,22:45
Swift Angels Pub,Wednesday,10:00,23:00
Swift Angels Pub,Thursday,11:00,23:15
Swift Angels Pub,Friday,11:00,22:00
Swift Angels Pub,Sunday,10:00,23:30
Swift Angels Pub,Saturday,12:00,22:30
Tacky Lyre Pub,Monday,11:00,22:30
Tacky Lyre Pub,Tuesday,11:00,23:45
Tacky Lyre Pub,Wednesday,09:00,23:30
Tacky Lyre Pub,Thursday,09:00,22:30
Tacky Lyre Pub,Friday,09:00,22:15
Tacky Lyre Pub,Sunday,10:00,22:15
Tacky Lyre Pub,Saturday,12:00,23:15
Tasty Fairy Tavern,Monday,12:00,22:30
Tasty Fairy Tavern,Tuesday,09:00,23:00
Tasty Fairy Tavern,Wednesday,12:00,22:15
Tasty Fairy Tavern,Thursday,08:00,23:30
Tasty Fairy Tavern,Friday,09:00,23:45
Tasty Fairy Tavern,Sunday,08:00,22:30
Tasty Fairy Tavern,Saturday,10:00,22:45
Teeny Gauntlet Bar,Monday,12:00,22:00
Teeny Gauntlet Bar,Tuesday,10:00,23:00
Teeny Gauntlet Bar,Wednesday,12:00,23:30
Teeny Gauntlet Bar,Thursday,12:00,22:15
Teeny Gauntlet Bar,Friday,10:00,22:15
Teeny Gauntlet Bar,Sunday,08:00,22:00
Teeny Gauntlet Bar,Saturday,09:00,23:30
Thundering Table Inn,Monday,10:00,22:00
Thundering Table Inn,Tuesday,09:00,23:00
Thundering Table Inn,Wednesday,12:00,23:15
Thundering Table Inn,Thursday,12:00,22:15
Thundering Table Inn,Friday,08:00,23:00
Thundering Table Inn,Sunday,09:00,23:15
Thundering Table Inn,Saturday,10:00,22:30
Triangular Pegasus Inn,Monday,10:00,22:45
Triangular Pegasus Inn,Tuesday,08:00,22:00
Triangular Pegasus Inn,Wednesday,10:00,22:45
Triangular Pegasus Inn,Thursday,10:00,23:30
Triangular Pegasus Inn,Friday,11:00,22:30
Triangular Pegasus Inn,Sunday,12:00,22:00
Triangular Pegasus Inn,Saturday,11:00,22:30
Twelve Spider Inn,Monday,10:00,23:45
Twelve Spider Inn,Tuesday,12:00,23:00
Twelve Spider Inn,Wednesday,08:00,22:30
Twelve Spider Inn,Thursday,09:00,23:45
Twelve Spider Inn,Friday,11:00,22:30
Twelve Spider Inn,Sunday,08:00,22:00
Twelve Spider Inn,Saturday,12:00,22:15
Ugliest Pants Tavern,Monday,09:00,22:15
Ugliest Pants Tavern,Tuesday,11:00,22:45
Ugliest Pants Tavern,Wednesday,10:00,23:15
Ugliest Pants Tavern,Thursday,12:00,22:45
Ugliest Pants Tavern,Friday,08:00,22:45
Ugliest Pants Tavern,Sunday,10:00,22:00
Ugliest Pants Tavern,Saturday,09:00,22:00
Uneven Ants Tavern,Monday,09:00,23:45
Uneven Ants Tavern,Tuesday,08:00,23:30
Uneven Ants Tavern,Wednesday,11:00,23:00
Uneven Ants Tavern,Thursday,12:00,23:15
Uneven Ants Tavern,Friday,11:00,23:15
Uneven Ants Tavern,Sunday,11:00,22:00
Uneven Ants Tavern,Saturday,10:00,23:00
Unusual Truffle,Monday,11:00,22:15
Unusual Truffle,Tuesday,08:00,23:30
Unusual Truffle,Wednesday,09:00,23:00
Unusual Truffle,Thursday,11:00,22:30
Unusual Truffle,Friday,09:00,22:15
Unusual Truffle,Sunday,12:00,23:30
Unusual Truffle,Saturday,12:00,23:15
Venomous River Inn,Monday,11:00,22:45
Venomous River Inn,Tuesday,11:00,22:15
Venomous River Inn,Wednesday,12:00,22:00
Venomous River Inn,Thursday,10:00,23:30
Venomous River Inn,Friday,12:00,23:00
Venomous River Inn,Sunday,09:00,23:00
Venomous River Inn,Saturday,09:00,22:00
Wicked Stream,Monday,10:00,22:15
Wicked Stream,Tuesday,10:00,23:45
Wicked Stream,Wednesday,12:00,22:30
Wicked Stream,Thursday,08:00,22:15
Wicked Stream,Friday,11:00,23:30
Wicked Stream,Sunday,08:00,22:00
Wicked Stream,Saturday,12:00,22:15
Wild Hag Bar,Monday,09:00,22:45
Wild Hag Bar,Tuesday,11:00,23:00
Wild Hag Bar,Wednesday,08:00,23:45
Wild Hag Bar,Thursday,11:00,23:45
Wild Hag Bar,Friday,09:00,22:45
Wild Hag Bar,Sunday,10:00,23:45
Wild Hag Bar,Saturday,09:00,22:00
Windy Harp,Monday,09:00,22:30
Windy Harp,Tuesday,10:00,22:00
Windy Harp,Wednesday,10:00,23:45
Windy Harp,Thursday,12:00,23:30
Windy Harp,Friday,10:00,22:00
Windy Harp,Sunday,12:00,22:00
Windy Harp,Saturday,11:00,22:45
Wretched Grape Inn,Monday,10:00,22:15
Wretched Grape Inn,Tuesday,08:00,22:30
Wretched Grape Inn,Wednesday,08:00,23:45
Wretched Grape Inn,Thursday,11:00,23:15
Wretched Grape Inn,Friday,09:00,22:00
Wretched Grape Inn,Sunday,08:00,23:45
Wretched Grape Inn,Saturday,12:00,23:15
Wrong Whip Bar,Monday,12:00,22:00
Wrong Whip Bar,Tuesday,08:00,23:00
Wrong Whip Bar,Wednesday,11:00,22:15
Wrong Whip Bar,Thursday,11:00,23:15
Wrong Whip Bar,Friday,09:00,23:45
Wrong Whip Bar,Sunday,08:00,23:45
Wrong Whip Bar,Saturday,08:00,22:00
Ye Olde Lord Bar,Monday,09:00,22:30
Ye Olde Lord Bar,Tuesday,08:00,22:00
Ye Olde Lord Bar,Wednesday,09:00,22:45
Ye Olde Lord Bar,Thursday,09:00,22:15
Ye Olde Lord Bar,Friday,09:00,22:30
Ye Olde Lord Bar,Sunday,09:00,23:00
Ye Olde Lord Bar,Saturday,12:00,23:45